match,market_name,home_team,home_line,home_win,away_team,away_line,away_win,margin,agency
Canberra Raiders v New Zealand Warriors,Line,Canberra Raiders,-22.5,12,New Zealand Warriors,22.5,1.02,1.064,Sportsbet
Canberra Raiders v New Zealand Warriors,Line,Canberra Raiders,-21.5,10,New Zealand Warriors,21.5,1.03,1.071,Sportsbet
Canberra Raiders v New Zealand Warriors,Line,Canberra Raiders,-20.5,10,New Zealand Warriors,20.5,1.03,1.071,Sportsbet
Canberra Raiders v New Zealand Warriors,Line,Canberra Raiders,-19.5,9.5,New Zealand Warriors,19.5,1.04,1.067,Sportsbet
Canberra Raiders v New Zealand Warriors,Line,Canberra Raiders,-18.5,9.5,New Zealand Warriors,18.5,1.04,1.067,Sportsbet
Canberra Raiders v New Zealand Warriors,Line,Canberra Raiders,-17.5,7.75,New Zealand Warriors,17.5,1.06,1.072,Sportsbet
Canberra Raiders v New Zealand Warriors,Line,Canberra Raiders,-16.5,7.75,New Zealand Warriors,16.5,1.06,1.072,Sportsbet
Canberra Raiders v New Zealand Warriors,Line,Canberra Raiders,-15.5,6.5,New Zealand Warriors,15.5,1.08,1.08,Sportsbet
Canberra Raiders v New Zealand Warriors,Line,Canberra Raiders,-14.5,6.5,New Zealand Warriors,14.5,1.09,1.071,Sportsbet
Canberra Raiders v New Zealand Warriors,Line,Canberra Raiders,-13.5,5.7,New Zealand Warriors,13.5,1.12,1.068,Sportsbet
Canberra Raiders v New Zealand Warriors,Line,Canberra Raiders,-12.5,5.4,New Zealand Warriors,12.5,1.13,1.07,Sportsbet
Canberra Raiders v New Zealand Warriors,Line,Canberra Raiders,-11.5,5,New Zealand Warriors,11.5,1.15,1.07,Sportsbet
Canberra Raiders v New Zealand Warriors,Line,Canberra Raiders,-10.5,4.8,New Zealand Warriors,10.5,1.16,1.07,Sportsbet
Canberra Raiders v New Zealand Warriors,Line,Canberra Raiders,-9.5,4.25,New Zealand Warriors,9.5,1.2,1.069,Sportsbet
Canberra Raiders v New Zealand Warriors,Line,Canberra Raiders,-8.5,4.25,New Zealand Warriors,8.5,1.2,1.069,Sportsbet
Canberra Raiders v New Zealand Warriors,Line,Canberra Raiders,-7.5,3.7,New Zealand Warriors,7.5,1.25,1.07,Sportsbet
Canberra Raiders v New Zealand Warriors,Line,Canberra Raiders,-6.5,3.5,New Zealand Warriors,6.5,1.28,1.067,Sportsbet
Canberra Raiders v New Zealand Warriors,Line,Canberra Raiders,-5.5,3.18,New Zealand Warriors,5.5,1.33,1.066,Sportsbet
Canberra Raiders v New Zealand Warriors,Line,Canberra Raiders,-4.5,3.14,New Zealand Warriors,4.5,1.33,1.07,Sportsbet
Canberra Raiders v New Zealand Warriors,Line,Canberra Raiders,-3.5,2.8,New Zealand Warriors,3.5,1.4,1.071,Sportsbet
Canberra Raiders v New Zealand Warriors,Line,Canberra Raiders,-2.5,2.78,New Zealand Warriors,2.5,1.41,1.069,Sportsbet
Canberra Raiders v New Zealand Warriors,Line,Canberra Raiders,-1.5,2.4,New Zealand Warriors,1.5,1.53,1.07,Sportsbet
Canberra Raiders v New Zealand Warriors,Line,Canberra Raiders,-0.5,2.23,New Zealand Warriors,0.5,1.61,1.07,Sportsbet
Canberra Raiders v New Zealand Warriors,Line,Canberra Raiders,0.5,2.23,New Zealand Warriors,-0.5,1.61,1.07,Sportsbet
Canberra Raiders v New Zealand Warriors,Line,Canberra Raiders,1.5,2.1,New Zealand Warriors,-1.5,1.68,1.071,Sportsbet
Canberra Raiders v New Zealand Warriors,Line,Canberra Raiders,2.5,1.86,New Zealand Warriors,-2.5,1.87,1.072,Sportsbet
Canberra Raiders v New Zealand Warriors,Line,Canberra Raiders,3.5,1.85,New Zealand Warriors,-3.5,1.88,1.072,Sportsbet
Canberra Raiders v New Zealand Warriors,Line,Canberra Raiders,4.5,1.71,New Zealand Warriors,-4.5,2.06,1.07,Sportsbet
Canberra Raiders v New Zealand Warriors,Line,Canberra Raiders,5.5,1.7,New Zealand Warriors,-5.5,2.08,1.069,Sportsbet
Canberra Raiders v New Zealand Warriors,Line,Canberra Raiders,6.5,1.57,New Zealand Warriors,-6.5,2.3,1.072,Sportsbet
Canberra Raiders v New Zealand Warriors,Line,Canberra Raiders,7.5,1.56,New Zealand Warriors,-7.5,2.32,1.072,Sportsbet
Canberra Raiders v New Zealand Warriors,Line,Canberra Raiders,8.5,1.45,New Zealand Warriors,-8.5,2.63,1.07,Sportsbet
Canberra Raiders v New Zealand Warriors,Line,Canberra Raiders,9.5,1.44,New Zealand Warriors,-9.5,2.66,1.07,Sportsbet
Canberra Raiders v New Zealand Warriors,Line,Canberra Raiders,10.5,1.35,New Zealand Warriors,-10.5,3.03,1.071,Sportsbet
Canberra Raiders v New Zealand Warriors,Line,Canberra Raiders,11.5,1.34,New Zealand Warriors,-11.5,3.06,1.073,Sportsbet
Canberra Raiders v New Zealand Warriors,Line,Canberra Raiders,12.5,1.28,New Zealand Warriors,-12.5,3.45,1.071,Sportsbet
Canberra Raiders v New Zealand Warriors,Line,Canberra Raiders,13.5,1.28,New Zealand Warriors,-13.5,3.45,1.071,Sportsbet
Canberra Raiders v New Zealand Warriors,Line,Canberra Raiders,14.5,1.22,New Zealand Warriors,-14.5,4,1.07,Sportsbet
Canberra Raiders v New Zealand Warriors,Line,Canberra Raiders,15.5,1.22,New Zealand Warriors,-15.5,4,1.07,Sportsbet
Canberra Raiders v New Zealand Warriors,Line,Canberra Raiders,16.5,1.17,New Zealand Warriors,-16.5,4.65,1.07,Sportsbet
Canberra Raiders v New Zealand Warriors,Line,Canberra Raiders,17.5,1.17,New Zealand Warriors,-17.5,4.65,1.07,Sportsbet
Canberra Raiders v New Zealand Warriors,Line,Canberra Raiders,18.5,1.13,New Zealand Warriors,-18.5,5.4,1.07,Sportsbet
Canberra Raiders v New Zealand Warriors,Line,Canberra Raiders,19.5,1.13,New Zealand Warriors,-19.5,5.4,1.07,Sportsbet
Canberra Raiders v New Zealand Warriors,Line,Canberra Raiders,20.5,1.1,New Zealand Warriors,-20.5,6,1.076,Sportsbet
Canberra Raiders v New Zealand Warriors,Line,Canberra Raiders,21.5,1.1,New Zealand Warriors,-21.5,6,1.076,Sportsbet
Canberra Raiders v New Zealand Warriors,Line,Canberra Raiders,22.5,1.06,New Zealand Warriors,-22.5,7.5,1.077,Sportsbet
Canberra Raiders v New Zealand Warriors,Line,Canberra Raiders,23.5,1.06,New Zealand Warriors,-23.5,7.75,1.072,Sportsbet
Canberra Raiders v New Zealand Warriors,Line,Canberra Raiders,24.5,1.04,New Zealand Warriors,-24.5,9.5,1.067,Sportsbet
Canberra Raiders v New Zealand Warriors,Line,Canberra Raiders,25.5,1.04,New Zealand Warriors,-25.5,9.5,1.067,Sportsbet
Canberra Raiders v New Zealand Warriors,Line,Canberra Raiders,26.5,1.03,New Zealand Warriors,-26.5,10,1.071,Sportsbet
Canberra Raiders v New Zealand Warriors,Line,Canberra Raiders,27.5,1.03,New Zealand Warriors,-27.5,10,1.071,Sportsbet
Canberra Raiders v New Zealand Warriors,Line,Canberra Raiders,28.5,1.02,New Zealand Warriors,-28.5,12,1.064,Sportsbet
Canberra Raiders v New Zealand Warriors,Line,Canberra Raiders,29.5,1.02,New Zealand Warriors,-29.5,12,1.064,Sportsbet
Penrith Panthers v Cronulla Sharks,Line,Penrith Panthers,-29.5,12,Cronulla Sharks,29.5,1.02,1.064,Sportsbet
Penrith Panthers v Cronulla Sharks,Line,Penrith Panthers,-28.5,11,Cronulla Sharks,28.5,1.02,1.071,Sportsbet
Penrith Panthers v Cronulla Sharks,Line,Penrith Panthers,-27.5,10,Cronulla Sharks,27.5,1.03,1.071,Sportsbet
Penrith Panthers v Cronulla Sharks,Line,Penrith Panthers,-26.5,9.5,Cronulla Sharks,26.5,1.04,1.067,Sportsbet
Penrith Panthers v Cronulla Sharks,Line,Penrith Panthers,-25.5,8.5,Cronulla Sharks,25.5,1.05,1.07,Sportsbet
Penrith Panthers v Cronulla Sharks,Line,Penrith Panthers,-24.5,8.5,Cronulla Sharks,24.5,1.05,1.07,Sportsbet
Penrith Panthers v Cronulla Sharks,Line,Penrith Panthers,-23.5,7.5,Cronulla Sharks,23.5,1.06,1.077,Sportsbet
Penrith Panthers v Cronulla Sharks,Line,Penrith Panthers,-22.5,7,Cronulla Sharks,22.5,1.07,1.077,Sportsbet
Penrith Panthers v Cronulla Sharks,Line,Penrith Panthers,-21.5,6,Cronulla Sharks,21.5,1.1,1.076,Sportsbet
Penrith Panthers v Cronulla Sharks,Line,Penrith Panthers,-20.5,6,Cronulla Sharks,20.5,1.11,1.068,Sportsbet
Penrith Panthers v Cronulla Sharks,Line,Penrith Panthers,-19.5,5.4,Cronulla Sharks,19.5,1.13,1.07,Sportsbet
Penrith Panthers v Cronulla Sharks,Line,Penrith Panthers,-18.5,5.2,Cronulla Sharks,18.5,1.14,1.07,Sportsbet
Penrith Panthers v Cronulla Sharks,Line,Penrith Panthers,-17.5,4.65,Cronulla Sharks,17.5,1.17,1.07,Sportsbet
Penrith Panthers v Cronulla Sharks,Line,Penrith Panthers,-16.5,4.6,Cronulla Sharks,16.5,1.17,1.072,Sportsbet
Penrith Panthers v Cronulla Sharks,Line,Penrith Panthers,-15.5,4,Cronulla Sharks,15.5,1.22,1.07,Sportsbet
Penrith Panthers v Cronulla Sharks,Line,Penrith Panthers,-14.5,4,Cronulla Sharks,14.5,1.22,1.07,Sportsbet
Penrith Panthers v Cronulla Sharks,Line,Penrith Panthers,-13.5,3.45,Cronulla Sharks,13.5,1.28,1.071,Sportsbet
Penrith Panthers v Cronulla Sharks,Line,Penrith Panthers,-12.5,3.32,Cronulla Sharks,12.5,1.3,1.07,Sportsbet
Penrith Panthers v Cronulla Sharks,Line,Penrith Panthers,-11.5,3,Cronulla Sharks,11.5,1.36,1.069,Sportsbet
Penrith Panthers v Cronulla Sharks,Line,Penrith Panthers,-10.5,2.96,Cronulla Sharks,10.5,1.36,1.073,Sportsbet
Penrith Panthers v Cronulla Sharks,Line,Penrith Panthers,-9.5,2.6,Cronulla Sharks,9.5,1.46,1.07,Sportsbet
Penrith Panthers v Cronulla Sharks,Line,Penrith Panthers,-8.5,2.58,Cronulla Sharks,8.5,1.46,1.073,Sportsbet
Penrith Panthers v Cronulla Sharks,Line,Penrith Panthers,-7.5,2.27,Cronulla Sharks,7.5,1.58,1.073,Sportsbet
Penrith Panthers v Cronulla Sharks,Line,Penrith Panthers,-6.5,2.25,Cronulla Sharks,6.5,1.59,1.073,Sportsbet
Penrith Panthers v Cronulla Sharks,Line,Penrith Panthers,-5.5,2.05,Cronulla Sharks,5.5,1.71,1.073,Sportsbet
Penrith Panthers v Cronulla Sharks,Line,Penrith Panthers,-4.5,2.04,Cronulla Sharks,4.5,1.72,1.072,Sportsbet
Penrith Panthers v Cronulla Sharks,Line,Penrith Panthers,-3.5,1.86,Cronulla Sharks,3.5,1.87,1.072,Sportsbet
Penrith Panthers v Cronulla Sharks,Line,Penrith Panthers,-2.5,1.84,Cronulla Sharks,2.5,1.89,1.073,Sportsbet
Penrith Panthers v Cronulla Sharks,Line,Penrith Panthers,-1.5,1.66,Cronulla Sharks,1.5,2.14,1.07,Sportsbet
Penrith Panthers v Cronulla Sharks,Line,Penrith Panthers,-0.5,1.58,Cronulla Sharks,0.5,2.28,1.072,Sportsbet
Penrith Panthers v Cronulla Sharks,Line,Penrith Panthers,0.5,1.58,Cronulla Sharks,-0.5,2.28,1.072,Sportsbet
Penrith Panthers v Cronulla Sharks,Line,Penrith Panthers,1.5,1.5,Cronulla Sharks,-1.5,2.47,1.072,Sportsbet
Penrith Panthers v Cronulla Sharks,Line,Penrith Panthers,2.5,1.38,Cronulla Sharks,-2.5,2.89,1.071,Sportsbet
Penrith Panthers v Cronulla Sharks,Line,Penrith Panthers,3.5,1.37,Cronulla Sharks,-3.5,2.92,1.072,Sportsbet
Penrith Panthers v Cronulla Sharks,Line,Penrith Panthers,4.5,1.3,Cronulla Sharks,-4.5,3.32,1.07,Sportsbet
Penrith Panthers v Cronulla Sharks,Line,Penrith Panthers,5.5,1.3,Cronulla Sharks,-5.5,3.32,1.07,Sportsbet
Penrith Panthers v Cronulla Sharks,Line,Penrith Panthers,6.5,1.23,Cronulla Sharks,-6.5,3.92,1.068,Sportsbet
Penrith Panthers v Cronulla Sharks,Line,Penrith Panthers,7.5,1.22,Cronulla Sharks,-7.5,4,1.07,Sportsbet
Penrith Panthers v Cronulla Sharks,Line,Penrith Panthers,8.5,1.17,Cronulla Sharks,-8.5,4.6,1.072,Sportsbet
Penrith Panthers v Cronulla Sharks,Line,Penrith Panthers,9.5,1.17,Cronulla Sharks,-9.5,4.65,1.07,Sportsbet
Penrith Panthers v Cronulla Sharks,Line,Penrith Panthers,10.5,1.14,Cronulla Sharks,-10.5,5.2,1.07,Sportsbet
Penrith Panthers v Cronulla Sharks,Line,Penrith Panthers,11.5,1.14,Cronulla Sharks,-11.5,5.2,1.07,Sportsbet
Penrith Panthers v Cronulla Sharks,Line,Penrith Panthers,12.5,1.1,Cronulla Sharks,-12.5,6,1.076,Sportsbet
Penrith Panthers v Cronulla Sharks,Line,Penrith Panthers,13.5,1.1,Cronulla Sharks,-13.5,6,1.076,Sportsbet
Penrith Panthers v Cronulla Sharks,Line,Penrith Panthers,14.5,1.07,Cronulla Sharks,-14.5,7,1.077,Sportsbet
Penrith Panthers v Cronulla Sharks,Line,Penrith Panthers,15.5,1.06,Cronulla Sharks,-15.5,7.5,1.077,Sportsbet
Penrith Panthers v Cronulla Sharks,Line,Penrith Panthers,16.5,1.05,Cronulla Sharks,-16.5,8.5,1.07,Sportsbet
Penrith Panthers v Cronulla Sharks,Line,Penrith Panthers,17.5,1.05,Cronulla Sharks,-17.5,8.5,1.07,Sportsbet
Penrith Panthers v Cronulla Sharks,Line,Penrith Panthers,18.5,1.04,Cronulla Sharks,-18.5,10,1.062,Sportsbet
Penrith Panthers v Cronulla Sharks,Line,Penrith Panthers,19.5,1.03,Cronulla Sharks,-19.5,10,1.071,Sportsbet
Penrith Panthers v Cronulla Sharks,Line,Penrith Panthers,20.5,1.02,Cronulla Sharks,-20.5,11,1.071,Sportsbet
Penrith Panthers v Cronulla Sharks,Line,Penrith Panthers,21.5,1.02,Cronulla Sharks,-21.5,12,1.064,Sportsbet
Penrith Panthers v Cronulla Sharks,Line,Penrith Panthers,22.5,1.01,Cronulla Sharks,-22.5,13,1.067,Sportsbet
Sydney Roosters v Brisbane Broncos,Line,Sydney Roosters,-19.5,12,Brisbane Broncos,19.5,1.02,1.064,Sportsbet
Sydney Roosters v Brisbane Broncos,Line,Sydney Roosters,-18.5,11,Brisbane Broncos,18.5,1.02,1.071,Sportsbet
Sydney Roosters v Brisbane Broncos,Line,Sydney Roosters,-17.5,9.5,Brisbane Broncos,17.5,1.04,1.067,Sportsbet
Sydney Roosters v Brisbane Broncos,Line,Sydney Roosters,-16.5,9.5,Brisbane Broncos,16.5,1.04,1.067,Sportsbet
Sydney Roosters v Brisbane Broncos,Line,Sydney Roosters,-15.5,8.5,Brisbane Broncos,15.5,1.05,1.07,Sportsbet
Sydney Roosters v Brisbane Broncos,Line,Sydney Roosters,-14.5,8.5,Brisbane Broncos,14.5,1.05,1.07,Sportsbet
Sydney Roosters v Brisbane Broncos,Line,Sydney Roosters,-13.5,7.5,Brisbane Broncos,13.5,1.06,1.077,Sportsbet
Sydney Roosters v Brisbane Broncos,Line,Sydney Roosters,-12.5,7,Brisbane Broncos,12.5,1.07,1.077,Sportsbet
Sydney Roosters v Brisbane Broncos,Line,Sydney Roosters,-11.5,6,Brisbane Broncos,11.5,1.1,1.076,Sportsbet
Sydney Roosters v Brisbane Broncos,Line,Sydney Roosters,-10.5,6,Brisbane Broncos,10.5,1.1,1.076,Sportsbet
Sydney Roosters v Brisbane Broncos,Line,Sydney Roosters,-9.5,5.4,Brisbane Broncos,9.5,1.13,1.07,Sportsbet
Sydney Roosters v Brisbane Broncos,Line,Sydney Roosters,-8.5,5.2,Brisbane Broncos,8.5,1.14,1.07,Sportsbet
Sydney Roosters v Brisbane Broncos,Line,Sydney Roosters,-7.5,4.65,Brisbane Broncos,7.5,1.17,1.07,Sportsbet
Sydney Roosters v Brisbane Broncos,Line,Sydney Roosters,-6.5,4.65,Brisbane Broncos,6.5,1.17,1.07,Sportsbet
Sydney Roosters v Brisbane Broncos,Line,Sydney Roosters,-5.5,4,Brisbane Broncos,5.5,1.22,1.07,Sportsbet
Sydney Roosters v Brisbane Broncos,Line,Sydney Roosters,-4.5,4,Brisbane Broncos,4.5,1.22,1.07,Sportsbet
Sydney Roosters v Brisbane Broncos,Line,Sydney Roosters,-3.5,3.45,Brisbane Broncos,3.5,1.28,1.071,Sportsbet
Sydney Roosters v Brisbane Broncos,Line,Sydney Roosters,-2.5,3.45,Brisbane Broncos,2.5,1.28,1.071,Sportsbet
Sydney Roosters v Brisbane Broncos,Line,Sydney Roosters,-1.5,3.06,Brisbane Broncos,1.5,1.34,1.073,Sportsbet
Sydney Roosters v Brisbane Broncos,Line,Sydney Roosters,-0.5,2.82,Brisbane Broncos,0.5,1.4,1.069,Sportsbet
Sydney Roosters v Brisbane Broncos,Line,Sydney Roosters,0.5,2.81,Brisbane Broncos,-0.5,1.4,1.07,Sportsbet
Sydney Roosters v Brisbane Broncos,Line,Sydney Roosters,1.5,2.61,Brisbane Broncos,-1.5,1.46,1.068,Sportsbet
Sydney Roosters v Brisbane Broncos,Line,Sydney Roosters,2.5,2.26,Brisbane Broncos,-2.5,1.59,1.071,Sportsbet
Sydney Roosters v Brisbane Broncos,Line,Sydney Roosters,3.5,2.24,Brisbane Broncos,-3.5,1.6,1.071,Sportsbet
Sydney Roosters v Brisbane Broncos,Line,Sydney Roosters,4.5,2.01,Brisbane Broncos,-4.5,1.73,1.076,Sportsbet
Sydney Roosters v Brisbane Broncos,Line,Sydney Roosters,5.5,2,Brisbane Broncos,-5.5,1.74,1.075,Sportsbet
Sydney Roosters v Brisbane Broncos,Line,Sydney Roosters,6.5,1.85,Brisbane Broncos,-6.5,1.88,1.072,Sportsbet
Sydney Roosters v Brisbane Broncos,Line,Sydney Roosters,7.5,1.83,Brisbane Broncos,-7.5,1.9,1.073,Sportsbet
Sydney Roosters v Brisbane Broncos,Line,Sydney Roosters,8.5,1.67,Brisbane Broncos,-8.5,2.12,1.071,Sportsbet
Sydney Roosters v Brisbane Broncos,Line,Sydney Roosters,9.5,1.65,Brisbane Broncos,-9.5,2.14,1.073,Sportsbet
Sydney Roosters v Brisbane Broncos,Line,Sydney Roosters,10.5,1.53,Brisbane Broncos,-10.5,2.4,1.07,Sportsbet
Sydney Roosters v Brisbane Broncos,Line,Sydney Roosters,11.5,1.52,Brisbane Broncos,-11.5,2.42,1.071,Sportsbet
Sydney Roosters v Brisbane Broncos,Line,Sydney Roosters,12.5,1.42,Brisbane Broncos,-12.5,2.72,1.072,Sportsbet
Sydney Roosters v Brisbane Broncos,Line,Sydney Roosters,13.5,1.41,Brisbane Broncos,-13.5,2.78,1.069,Sportsbet
Sydney Roosters v Brisbane Broncos,Line,Sydney Roosters,14.5,1.33,Brisbane Broncos,-14.5,3.14,1.07,Sportsbet
Sydney Roosters v Brisbane Broncos,Line,Sydney Roosters,15.5,1.33,Brisbane Broncos,-15.5,3.14,1.07,Sportsbet
Sydney Roosters v Brisbane Broncos,Line,Sydney Roosters,16.5,1.28,Brisbane Broncos,-16.5,3.45,1.071,Sportsbet
Sydney Roosters v Brisbane Broncos,Line,Sydney Roosters,17.5,1.25,Brisbane Broncos,-17.5,3.7,1.07,Sportsbet
Sydney Roosters v Brisbane Broncos,Line,Sydney Roosters,18.5,1.2,Brisbane Broncos,-18.5,4.25,1.069,Sportsbet
Sydney Roosters v Brisbane Broncos,Line,Sydney Roosters,19.5,1.2,Brisbane Broncos,-19.5,4.25,1.069,Sportsbet
Sydney Roosters v Brisbane Broncos,Line,Sydney Roosters,20.5,1.17,Brisbane Broncos,-20.5,4.65,1.07,Sportsbet
Sydney Roosters v Brisbane Broncos,Line,Sydney Roosters,21.5,1.16,Brisbane Broncos,-21.5,4.8,1.07,Sportsbet
Sydney Roosters v Brisbane Broncos,Line,Sydney Roosters,22.5,1.13,Brisbane Broncos,-22.5,5.4,1.07,Sportsbet
Sydney Roosters v Brisbane Broncos,Line,Sydney Roosters,23.5,1.13,Brisbane Broncos,-23.5,5.4,1.07,Sportsbet
Sydney Roosters v Brisbane Broncos,Line,Sydney Roosters,24.5,1.1,Brisbane Broncos,-24.5,6,1.076,Sportsbet
Sydney Roosters v Brisbane Broncos,Line,Sydney Roosters,25.5,1.09,Brisbane Broncos,-25.5,6.5,1.071,Sportsbet
Sydney Roosters v Brisbane Broncos,Line,Sydney Roosters,26.5,1.06,Brisbane Broncos,-26.5,7.75,1.072,Sportsbet
Sydney Roosters v Brisbane Broncos,Line,Sydney Roosters,27.5,1.06,Brisbane Broncos,-27.5,7.75,1.072,Sportsbet
Sydney Roosters v Brisbane Broncos,Line,Sydney Roosters,28.5,1.04,Brisbane Broncos,-28.5,9.5,1.067,Sportsbet
Sydney Roosters v Brisbane Broncos,Line,Sydney Roosters,29.5,1.04,Brisbane Broncos,-29.5,9.5,1.067,Sportsbet
Sydney Roosters v Brisbane Broncos,Line,Sydney Roosters,30.5,1.03,Brisbane Broncos,-30.5,10,1.071,Sportsbet
Sydney Roosters v Brisbane Broncos,Line,Sydney Roosters,31.5,1.03,Brisbane Broncos,-31.5,10,1.071,Sportsbet
Sydney Roosters v Brisbane Broncos,Line,Sydney Roosters,32.5,1.02,Brisbane Broncos,-32.5,12,1.064,Sportsbet
Wests Tigers v Newcastle Knights,Line,Wests Tigers,-26.5,12,Newcastle Knights,26.5,1.02,1.064,Sportsbet
Wests Tigers v Newcastle Knights,Line,Wests Tigers,-25.5,10,Newcastle Knights,25.5,1.03,1.071,Sportsbet
Wests Tigers v Newcastle Knights,Line,Wests Tigers,-24.5,10,Newcastle Knights,24.5,1.03,1.071,Sportsbet
Wests Tigers v Newcastle Knights,Line,Wests Tigers,-23.5,9.5,Newcastle Knights,23.5,1.04,1.067,Sportsbet
Wests Tigers v Newcastle Knights,Line,Wests Tigers,-22.5,9.5,Newcastle Knights,22.5,1.04,1.067,Sportsbet
Wests Tigers v Newcastle Knights,Line,Wests Tigers,-21.5,8,Newcastle Knights,21.5,1.06,1.068,Sportsbet
Wests Tigers v Newcastle Knights,Line,Wests Tigers,-20.5,8,Newcastle Knights,20.5,1.06,1.068,Sportsbet
Wests Tigers v Newcastle Knights,Line,Wests Tigers,-19.5,6.5,Newcastle Knights,19.5,1.08,1.08,Sportsbet
Wests Tigers v Newcastle Knights,Line,Wests Tigers,-18.5,6.5,Newcastle Knights,18.5,1.09,1.071,Sportsbet
Wests Tigers v Newcastle Knights,Line,Wests Tigers,-17.5,5.7,Newcastle Knights,17.5,1.13,1.06,Sportsbet
Wests Tigers v Newcastle Knights,Line,Wests Tigers,-16.5,5.4,Newcastle Knights,16.5,1.13,1.07,Sportsbet
Wests Tigers v Newcastle Knights,Line,Wests Tigers,-15.5,5,Newcastle Knights,15.5,1.15,1.07,Sportsbet
Wests Tigers v Newcastle Knights,Line,Wests Tigers,-14.5,4.65,Newcastle Knights,14.5,1.17,1.07,Sportsbet
Wests Tigers v Newcastle Knights,Line,Wests Tigers,-13.5,4.25,Newcastle Knights,13.5,1.2,1.069,Sportsbet
Wests Tigers v Newcastle Knights,Line,Wests Tigers,-12.5,4.25,Newcastle Knights,12.5,1.2,1.069,Sportsbet
Wests Tigers v Newcastle Knights,Line,Wests Tigers,-11.5,3.7,Newcastle Knights,11.5,1.25,1.07,Sportsbet
Wests Tigers v Newcastle Knights,Line,Wests Tigers,-10.5,3.69,Newcastle Knights,10.5,1.25,1.071,Sportsbet
Wests Tigers v Newcastle Knights,Line,Wests Tigers,-9.5,3.2,Newcastle Knights,9.5,1.33,1.064,Sportsbet
Wests Tigers v Newcastle Knights,Line,Wests Tigers,-8.5,3.14,Newcastle Knights,8.5,1.33,1.07,Sportsbet
Wests Tigers v Newcastle Knights,Line,Wests Tigers,-7.5,2.79,Newcastle Knights,7.5,1.4,1.073,Sportsbet
Wests Tigers v Newcastle Knights,Line,Wests Tigers,-6.5,2.78,Newcastle Knights,6.5,1.41,1.069,Sportsbet
Wests Tigers v Newcastle Knights,Line,Wests Tigers,-5.5,2.47,Newcastle Knights,5.5,1.5,1.072,Sportsbet
Wests Tigers v Newcastle Knights,Line,Wests Tigers,-4.5,2.47,Newcastle Knights,4.5,1.5,1.072,Sportsbet
Wests Tigers v Newcastle Knights,Line,Wests Tigers,-3.5,2.23,Newcastle Knights,3.5,1.61,1.07,Sportsbet
Wests Tigers v Newcastle Knights,Line,Wests Tigers,-2.5,2.21,Newcastle Knights,2.5,1.62,1.07,Sportsbet
Wests Tigers v Newcastle Knights,Line,Wests Tigers,-1.5,1.96,Newcastle Knights,1.5,1.78,1.072,Sportsbet
Wests Tigers v Newcastle Knights,Line,Wests Tigers,-0.5,1.85,Newcastle Knights,0.5,1.88,1.072,Sportsbet
Wests Tigers v Newcastle Knights,Line,Wests Tigers,0.5,1.85,Newcastle Knights,-0.5,1.88,1.072,Sportsbet
Wests Tigers v Newcastle Knights,Line,Wests Tigers,1.5,1.75,Newcastle Knights,-1.5,1.99,1.074,Sportsbet
Wests Tigers v Newcastle Knights,Line,Wests Tigers,2.5,1.6,Newcastle Knights,-2.5,2.25,1.069,Sportsbet
Wests Tigers v Newcastle Knights,Line,Wests Tigers,3.5,1.59,Newcastle Knights,-3.5,2.27,1.069,Sportsbet
Wests Tigers v Newcastle Knights,Line,Wests Tigers,4.5,1.49,Newcastle Knights,-4.5,2.5,1.071,Sportsbet
Wests Tigers v Newcastle Knights,Line,Wests Tigers,5.5,1.48,Newcastle Knights,-5.5,2.53,1.071,Sportsbet
Wests Tigers v Newcastle Knights,Line,Wests Tigers,6.5,1.39,Newcastle Knights,-6.5,2.85,1.07,Sportsbet
Wests Tigers v Newcastle Knights,Line,Wests Tigers,7.5,1.38,Newcastle Knights,-7.5,2.89,1.071,Sportsbet
Wests Tigers v Newcastle Knights,Line,Wests Tigers,8.5,1.3,Newcastle Knights,-8.5,3.32,1.07,Sportsbet
Wests Tigers v Newcastle Knights,Line,Wests Tigers,9.5,1.3,Newcastle Knights,-9.5,3.32,1.07,Sportsbet
Wests Tigers v Newcastle Knights,Line,Wests Tigers,10.5,1.25,Newcastle Knights,-10.5,3.78,1.065,Sportsbet
Wests Tigers v Newcastle Knights,Line,Wests Tigers,11.5,1.23,Newcastle Knights,-11.5,3.92,1.068,Sportsbet
Wests Tigers v Newcastle Knights,Line,Wests Tigers,12.5,1.17,Newcastle Knights,-12.5,4.3,1.087,Sportsbet
Wests Tigers v Newcastle Knights,Line,Wests Tigers,13.5,1.17,Newcastle Knights,-13.5,4.6,1.072,Sportsbet
Wests Tigers v Newcastle Knights,Line,Wests Tigers,14.5,1.14,Newcastle Knights,-14.5,5.2,1.07,Sportsbet
Wests Tigers v Newcastle Knights,Line,Wests Tigers,15.5,1.14,Newcastle Knights,-15.5,5.2,1.07,Sportsbet
Wests Tigers v Newcastle Knights,Line,Wests Tigers,16.5,1.11,Newcastle Knights,-16.5,6,1.068,Sportsbet
Wests Tigers v Newcastle Knights,Line,Wests Tigers,17.5,1.11,Newcastle Knights,-17.5,6,1.068,Sportsbet
Wests Tigers v Newcastle Knights,Line,Wests Tigers,18.5,1.08,Newcastle Knights,-18.5,6.5,1.08,Sportsbet
Wests Tigers v Newcastle Knights,Line,Wests Tigers,19.5,1.08,Newcastle Knights,-19.5,7,1.069,Sportsbet
Wests Tigers v Newcastle Knights,Line,Wests Tigers,20.5,1.06,Newcastle Knights,-20.5,8,1.068,Sportsbet
Wests Tigers v Newcastle Knights,Line,Wests Tigers,21.5,1.05,Newcastle Knights,-21.5,8.5,1.07,Sportsbet
Wests Tigers v Newcastle Knights,Line,Wests Tigers,22.5,1.04,Newcastle Knights,-22.5,9.5,1.067,Sportsbet
Wests Tigers v Newcastle Knights,Line,Wests Tigers,23.5,1.04,Newcastle Knights,-23.5,9.5,1.067,Sportsbet
Wests Tigers v Newcastle Knights,Line,Wests Tigers,24.5,1.02,Newcastle Knights,-24.5,11,1.071,Sportsbet
Wests Tigers v Newcastle Knights,Line,Wests Tigers,25.5,1.02,Newcastle Knights,-25.5,11,1.071,Sportsbet
Dolphins v South Sydney Rabbitohs,Line,Dolphins,-29.5,10,South Sydney Rabbitohs,29.5,1.03,1.071,Sportsbet
Dolphins v South Sydney Rabbitohs,Line,Dolphins,-28.5,10,South Sydney Rabbitohs,28.5,1.03,1.071,Sportsbet
Dolphins v South Sydney Rabbitohs,Line,Dolphins,-27.5,9.5,South Sydney Rabbitohs,27.5,1.04,1.067,Sportsbet
Dolphins v South Sydney Rabbitohs,Line,Dolphins,-26.5,9.5,South Sydney Rabbitohs,26.5,1.04,1.067,Sportsbet
Dolphins v South Sydney Rabbitohs,Line,Dolphins,-25.5,7.75,South Sydney Rabbitohs,25.5,1.06,1.072,Sportsbet
Dolphins v South Sydney Rabbitohs,Line,Dolphins,-24.5,7.5,South Sydney Rabbitohs,24.5,1.06,1.077,Sportsbet
Dolphins v South Sydney Rabbitohs,Line,Dolphins,-23.5,6.5,South Sydney Rabbitohs,23.5,1.09,1.071,Sportsbet
Dolphins v South Sydney Rabbitohs,Line,Dolphins,-22.5,6,South Sydney Rabbitohs,22.5,1.1,1.076,Sportsbet
Dolphins v South Sydney Rabbitohs,Line,Dolphins,-21.5,5.5,South Sydney Rabbitohs,21.5,1.13,1.067,Sportsbet
Dolphins v South Sydney Rabbitohs,Line,Dolphins,-20.5,5.4,South Sydney Rabbitohs,20.5,1.13,1.07,Sportsbet
Dolphins v South Sydney Rabbitohs,Line,Dolphins,-19.5,5.2,South Sydney Rabbitohs,19.5,1.14,1.07,Sportsbet
Dolphins v South Sydney Rabbitohs,Line,Dolphins,-18.5,4.8,South Sydney Rabbitohs,18.5,1.16,1.07,Sportsbet
Dolphins v South Sydney Rabbitohs,Line,Dolphins,-17.5,4.25,South Sydney Rabbitohs,17.5,1.2,1.069,Sportsbet
Dolphins v South Sydney Rabbitohs,Line,Dolphins,-16.5,4.25,South Sydney Rabbitohs,16.5,1.2,1.069,Sportsbet
Dolphins v South Sydney Rabbitohs,Line,Dolphins,-15.5,3.7,South Sydney Rabbitohs,15.5,1.25,1.07,Sportsbet
Dolphins v South Sydney Rabbitohs,Line,Dolphins,-14.5,3.5,South Sydney Rabbitohs,14.5,1.28,1.067,Sportsbet
Dolphins v South Sydney Rabbitohs,Line,Dolphins,-13.5,3.14,South Sydney Rabbitohs,13.5,1.33,1.07,Sportsbet
Dolphins v South Sydney Rabbitohs,Line,Dolphins,-12.5,3.14,South Sydney Rabbitohs,12.5,1.33,1.07,Sportsbet
Dolphins v South Sydney Rabbitohs,Line,Dolphins,-11.5,2.74,South Sydney Rabbitohs,11.5,1.42,1.069,Sportsbet
Dolphins v South Sydney Rabbitohs,Line,Dolphins,-10.5,2.71,South Sydney Rabbitohs,10.5,1.43,1.068,Sportsbet
Dolphins v South Sydney Rabbitohs,Line,Dolphins,-9.5,2.41,South Sydney Rabbitohs,9.5,1.52,1.073,Sportsbet
Dolphins v South Sydney Rabbitohs,Line,Dolphins,-8.5,2.39,South Sydney Rabbitohs,8.5,1.53,1.072,Sportsbet
Dolphins v South Sydney Rabbitohs,Line,Dolphins,-7.5,2.11,South Sydney Rabbitohs,7.5,1.67,1.073,Sportsbet
Dolphins v South Sydney Rabbitohs,Line,Dolphins,-6.5,2.09,South Sydney Rabbitohs,6.5,1.69,1.07,Sportsbet
Dolphins v South Sydney Rabbitohs,Line,Dolphins,-5.5,1.92,South Sydney Rabbitohs,5.5,1.81,1.073,Sportsbet
Dolphins v South Sydney Rabbitohs,Line,Dolphins,-4.5,1.91,South Sydney Rabbitohs,4.5,1.82,1.073,Sportsbet
Dolphins v South Sydney Rabbitohs,Line,Dolphins,-3.5,1.76,South Sydney Rabbitohs,3.5,1.98,1.073,Sportsbet
Dolphins v South Sydney Rabbitohs,Line,Dolphins,-2.5,1.75,South Sydney Rabbitohs,2.5,2,1.071,Sportsbet
Dolphins v South Sydney Rabbitohs,Line,Dolphins,-1.5,1.59,South Sydney Rabbitohs,1.5,2.26,1.071,Sportsbet
Dolphins v South Sydney Rabbitohs,Line,Dolphins,-0.5,1.51,South Sydney Rabbitohs,0.5,2.45,1.07,Sportsbet
Dolphins v South Sydney Rabbitohs,Line,Dolphins,0.5,1.51,South Sydney Rabbitohs,-0.5,2.45,1.07,Sportsbet
Dolphins v South Sydney Rabbitohs,Line,Dolphins,1.5,1.45,South Sydney Rabbitohs,-1.5,2.63,1.07,Sportsbet
Dolphins v South Sydney Rabbitohs,Line,Dolphins,2.5,1.35,South Sydney Rabbitohs,-2.5,3.03,1.071,Sportsbet
Dolphins v South Sydney Rabbitohs,Line,Dolphins,3.5,1.34,South Sydney Rabbitohs,-3.5,3.06,1.073,Sportsbet
Dolphins v South Sydney Rabbitohs,Line,Dolphins,4.5,1.28,South Sydney Rabbitohs,-4.5,3.45,1.071,Sportsbet
Dolphins v South Sydney Rabbitohs,Line,Dolphins,5.5,1.28,South Sydney Rabbitohs,-5.5,3.45,1.071,Sportsbet
Dolphins v South Sydney Rabbitohs,Line,Dolphins,6.5,1.22,South Sydney Rabbitohs,-6.5,4,1.07,Sportsbet
Dolphins v South Sydney Rabbitohs,Line,Dolphins,7.5,1.22,South Sydney Rabbitohs,-7.5,4,1.07,Sportsbet
Dolphins v South Sydney Rabbitohs,Line,Dolphins,8.5,1.17,South Sydney Rabbitohs,-8.5,4.65,1.07,Sportsbet
Dolphins v South Sydney Rabbitohs,Line,Dolphins,9.5,1.17,South Sydney Rabbitohs,-9.5,4.65,1.07,Sportsbet
Dolphins v South Sydney Rabbitohs,Line,Dolphins,10.5,1.13,South Sydney Rabbitohs,-10.5,5.4,1.07,Sportsbet
Dolphins v South Sydney Rabbitohs,Line,Dolphins,11.5,1.13,South Sydney Rabbitohs,-11.5,5.4,1.07,Sportsbet
Dolphins v South Sydney Rabbitohs,Line,Dolphins,12.5,1.11,South Sydney Rabbitohs,-12.5,6,1.068,Sportsbet
Dolphins v South Sydney Rabbitohs,Line,Dolphins,13.5,1.1,South Sydney Rabbitohs,-13.5,6,1.076,Sportsbet
Dolphins v South Sydney Rabbitohs,Line,Dolphins,14.5,1.07,South Sydney Rabbitohs,-14.5,7,1.077,Sportsbet
Dolphins v South Sydney Rabbitohs,Line,Dolphins,15.5,1.06,South Sydney Rabbitohs,-15.5,7.5,1.077,Sportsbet
Dolphins v South Sydney Rabbitohs,Line,Dolphins,16.5,1.05,South Sydney Rabbitohs,-16.5,8.5,1.07,Sportsbet
Dolphins v South Sydney Rabbitohs,Line,Dolphins,17.5,1.05,South Sydney Rabbitohs,-17.5,8.5,1.07,Sportsbet
Dolphins v South Sydney Rabbitohs,Line,Dolphins,18.5,1.04,South Sydney Rabbitohs,-18.5,9.5,1.067,Sportsbet
Dolphins v South Sydney Rabbitohs,Line,Dolphins,19.5,1.03,South Sydney Rabbitohs,-19.5,10,1.071,Sportsbet
Dolphins v South Sydney Rabbitohs,Line,Dolphins,20.5,1.02,South Sydney Rabbitohs,-20.5,11,1.071,Sportsbet
Dolphins v South Sydney Rabbitohs,Line,Dolphins,21.5,1.02,South Sydney Rabbitohs,-21.5,11,1.071,Sportsbet
Dolphins v South Sydney Rabbitohs,Line,Dolphins,22.5,1.01,South Sydney Rabbitohs,-22.5,13,1.067,Sportsbet
St George Illawarra Dragons v Canterbury-Bankstown Bulldogs,Line,St George Illawarra Dragons,-21.5,12,Canterbury-Bankstown Bulldogs,21.5,1.02,1.064,Sportsbet
St George Illawarra Dragons v Canterbury-Bankstown Bulldogs,Line,St George Illawarra Dragons,-20.5,12,Canterbury-Bankstown Bulldogs,20.5,1.02,1.064,Sportsbet
St George Illawarra Dragons v Canterbury-Bankstown Bulldogs,Line,St George Illawarra Dragons,-19.5,10,Canterbury-Bankstown Bulldogs,19.5,1.03,1.071,Sportsbet
St George Illawarra Dragons v Canterbury-Bankstown Bulldogs,Line,St George Illawarra Dragons,-18.5,10,Canterbury-Bankstown Bulldogs,18.5,1.03,1.071,Sportsbet
St George Illawarra Dragons v Canterbury-Bankstown Bulldogs,Line,St George Illawarra Dragons,-17.5,9.5,Canterbury-Bankstown Bulldogs,17.5,1.04,1.067,Sportsbet
St George Illawarra Dragons v Canterbury-Bankstown Bulldogs,Line,St George Illawarra Dragons,-16.5,9.5,Canterbury-Bankstown Bulldogs,16.5,1.04,1.067,Sportsbet
St George Illawarra Dragons v Canterbury-Bankstown Bulldogs,Line,St George Illawarra Dragons,-15.5,8.5,Canterbury-Bankstown Bulldogs,15.5,1.05,1.07,Sportsbet
St George Illawarra Dragons v Canterbury-Bankstown Bulldogs,Line,St George Illawarra Dragons,-14.5,8,Canterbury-Bankstown Bulldogs,14.5,1.06,1.068,Sportsbet
St George Illawarra Dragons v Canterbury-Bankstown Bulldogs,Line,St George Illawarra Dragons,-13.5,6.5,Canterbury-Bankstown Bulldogs,13.5,1.08,1.08,Sportsbet
St George Illawarra Dragons v Canterbury-Bankstown Bulldogs,Line,St George Illawarra Dragons,-12.5,6.5,Canterbury-Bankstown Bulldogs,12.5,1.08,1.08,Sportsbet
St George Illawarra Dragons v Canterbury-Bankstown Bulldogs,Line,St George Illawarra Dragons,-11.5,6,Canterbury-Bankstown Bulldogs,11.5,1.11,1.068,Sportsbet
St George Illawarra Dragons v Canterbury-Bankstown Bulldogs,Line,St George Illawarra Dragons,-10.5,6,Canterbury-Bankstown Bulldogs,10.5,1.11,1.068,Sportsbet
St George Illawarra Dragons v Canterbury-Bankstown Bulldogs,Line,St George Illawarra Dragons,-9.5,5.2,Canterbury-Bankstown Bulldogs,9.5,1.14,1.07,Sportsbet
St George Illawarra Dragons v Canterbury-Bankstown Bulldogs,Line,St George Illawarra Dragons,-8.5,5.2,Canterbury-Bankstown Bulldogs,8.5,1.14,1.07,Sportsbet
St George Illawarra Dragons v Canterbury-Bankstown Bulldogs,Line,St George Illawarra Dragons,-7.5,4.6,Canterbury-Bankstown Bulldogs,7.5,1.17,1.072,Sportsbet
St George Illawarra Dragons v Canterbury-Bankstown Bulldogs,Line,St George Illawarra Dragons,-6.5,4.3,Canterbury-Bankstown Bulldogs,6.5,1.2,1.066,Sportsbet
St George Illawarra Dragons v Canterbury-Bankstown Bulldogs,Line,St George Illawarra Dragons,-5.5,3.9,Canterbury-Bankstown Bulldogs,5.5,1.25,1.056,Sportsbet
St George Illawarra Dragons v Canterbury-Bankstown Bulldogs,Line,St George Illawarra Dragons,-4.5,3.75,Canterbury-Bankstown Bulldogs,4.5,1.25,1.067,Sportsbet
St George Illawarra Dragons v Canterbury-Bankstown Bulldogs,Line,St George Illawarra Dragons,-3.5,3.32,Canterbury-Bankstown Bulldogs,3.5,1.3,1.07,Sportsbet
St George Illawarra Dragons v Canterbury-Bankstown Bulldogs,Line,St George Illawarra Dragons,-2.5,3.28,Canterbury-Bankstown Bulldogs,2.5,1.31,1.068,Sportsbet
St George Illawarra Dragons v Canterbury-Bankstown Bulldogs,Line,St George Illawarra Dragons,-1.5,2.78,Canterbury-Bankstown Bulldogs,1.5,1.41,1.069,Sportsbet
St George Illawarra Dragons v Canterbury-Bankstown Bulldogs,Line,St George Illawarra Dragons,-0.5,2.58,Canterbury-Bankstown Bulldogs,0.5,1.46,1.073,Sportsbet
St George Illawarra Dragons v Canterbury-Bankstown Bulldogs,Line,St George Illawarra Dragons,0.5,2.58,Canterbury-Bankstown Bulldogs,-0.5,1.46,1.073,Sportsbet
St George Illawarra Dragons v Canterbury-Bankstown Bulldogs,Line,St George Illawarra Dragons,1.5,2.4,Canterbury-Bankstown Bulldogs,-1.5,1.53,1.07,Sportsbet
St George Illawarra Dragons v Canterbury-Bankstown Bulldogs,Line,St George Illawarra Dragons,2.5,2.08,Canterbury-Bankstown Bulldogs,-2.5,1.69,1.072,Sportsbet
St George Illawarra Dragons v Canterbury-Bankstown Bulldogs,Line,St George Illawarra Dragons,3.5,2.07,Canterbury-Bankstown Bulldogs,-3.5,1.7,1.071,Sportsbet
St George Illawarra Dragons v Canterbury-Bankstown Bulldogs,Line,St George Illawarra Dragons,4.5,1.88,Canterbury-Bankstown Bulldogs,-4.5,1.85,1.072,Sportsbet
St George Illawarra Dragons v Canterbury-Bankstown Bulldogs,Line,St George Illawarra Dragons,5.5,1.86,Canterbury-Bankstown Bulldogs,-5.5,1.87,1.072,Sportsbet
St George Illawarra Dragons v Canterbury-Bankstown Bulldogs,Line,St George Illawarra Dragons,6.5,1.72,Canterbury-Bankstown Bulldogs,-6.5,2.04,1.072,Sportsbet
St George Illawarra Dragons v Canterbury-Bankstown Bulldogs,Line,St George Illawarra Dragons,7.5,1.71,Canterbury-Bankstown Bulldogs,-7.5,2.05,1.073,Sportsbet
St George Illawarra Dragons v Canterbury-Bankstown Bulldogs,Line,St George Illawarra Dragons,8.5,1.58,Canterbury-Bankstown Bulldogs,-8.5,2.29,1.07,Sportsbet
St George Illawarra Dragons v Canterbury-Bankstown Bulldogs,Line,St George Illawarra Dragons,9.5,1.57,Canterbury-Bankstown Bulldogs,-9.5,2.31,1.07,Sportsbet
St George Illawarra Dragons v Canterbury-Bankstown Bulldogs,Line,St George Illawarra Dragons,10.5,1.45,Canterbury-Bankstown Bulldogs,-10.5,2.62,1.071,Sportsbet
St George Illawarra Dragons v Canterbury-Bankstown Bulldogs,Line,St George Illawarra Dragons,11.5,1.44,Canterbury-Bankstown Bulldogs,-11.5,2.65,1.072,Sportsbet
St George Illawarra Dragons v Canterbury-Bankstown Bulldogs,Line,St George Illawarra Dragons,12.5,1.35,Canterbury-Bankstown Bulldogs,-12.5,3.01,1.073,Sportsbet
St George Illawarra Dragons v Canterbury-Bankstown Bulldogs,Line,St George Illawarra Dragons,13.5,1.35,Canterbury-Bankstown Bulldogs,-13.5,3.05,1.069,Sportsbet
St George Illawarra Dragons v Canterbury-Bankstown Bulldogs,Line,St George Illawarra Dragons,14.5,1.28,Canterbury-Bankstown Bulldogs,-14.5,3.45,1.071,Sportsbet
St George Illawarra Dragons v Canterbury-Bankstown Bulldogs,Line,St George Illawarra Dragons,15.5,1.28,Canterbury-Bankstown Bulldogs,-15.5,3.45,1.071,Sportsbet
St George Illawarra Dragons v Canterbury-Bankstown Bulldogs,Line,St George Illawarra Dragons,16.5,1.22,Canterbury-Bankstown Bulldogs,-16.5,4,1.07,Sportsbet
St George Illawarra Dragons v Canterbury-Bankstown Bulldogs,Line,St George Illawarra Dragons,17.5,1.2,Canterbury-Bankstown Bulldogs,-17.5,4.25,1.069,Sportsbet
St George Illawarra Dragons v Canterbury-Bankstown Bulldogs,Line,St George Illawarra Dragons,18.5,1.17,Canterbury-Bankstown Bulldogs,-18.5,4.65,1.07,Sportsbet
St George Illawarra Dragons v Canterbury-Bankstown Bulldogs,Line,St George Illawarra Dragons,19.5,1.16,Canterbury-Bankstown Bulldogs,-19.5,4.8,1.07,Sportsbet
St George Illawarra Dragons v Canterbury-Bankstown Bulldogs,Line,St George Illawarra Dragons,20.5,1.13,Canterbury-Bankstown Bulldogs,-20.5,5.4,1.07,Sportsbet
St George Illawarra Dragons v Canterbury-Bankstown Bulldogs,Line,St George Illawarra Dragons,21.5,1.13,Canterbury-Bankstown Bulldogs,-21.5,5.4,1.07,Sportsbet
St George Illawarra Dragons v Canterbury-Bankstown Bulldogs,Line,St George Illawarra Dragons,22.5,1.1,Canterbury-Bankstown Bulldogs,-22.5,6,1.076,Sportsbet
St George Illawarra Dragons v Canterbury-Bankstown Bulldogs,Line,St George Illawarra Dragons,23.5,1.09,Canterbury-Bankstown Bulldogs,-23.5,6.5,1.071,Sportsbet
St George Illawarra Dragons v Canterbury-Bankstown Bulldogs,Line,St George Illawarra Dragons,24.5,1.06,Canterbury-Bankstown Bulldogs,-24.5,7.75,1.072,Sportsbet
St George Illawarra Dragons v Canterbury-Bankstown Bulldogs,Line,St George Illawarra Dragons,25.5,1.06,Canterbury-Bankstown Bulldogs,-25.5,7.75,1.072,Sportsbet
St George Illawarra Dragons v Canterbury-Bankstown Bulldogs,Line,St George Illawarra Dragons,26.5,1.04,Canterbury-Bankstown Bulldogs,-26.5,9.5,1.067,Sportsbet
St George Illawarra Dragons v Canterbury-Bankstown Bulldogs,Line,St George Illawarra Dragons,27.5,1.04,Canterbury-Bankstown Bulldogs,-27.5,9.5,1.067,Sportsbet
St George Illawarra Dragons v Canterbury-Bankstown Bulldogs,Line,St George Illawarra Dragons,28.5,1.03,Canterbury-Bankstown Bulldogs,-28.5,10,1.071,Sportsbet
St George Illawarra Dragons v Canterbury-Bankstown Bulldogs,Line,St George Illawarra Dragons,29.5,1.03,Canterbury-Bankstown Bulldogs,-29.5,10,1.071,Sportsbet
St George Illawarra Dragons v Canterbury-Bankstown Bulldogs,Line,St George Illawarra Dragons,30.5,1.02,Canterbury-Bankstown Bulldogs,-30.5,12,1.064,Sportsbet
Manly Warringah Sea Eagles v North Queensland Cowboys,Line,Manly Warringah Sea Eagles,-29.5,10,North Queensland Cowboys,29.5,1.03,1.071,Sportsbet
Manly Warringah Sea Eagles v North Queensland Cowboys,Line,Manly Warringah Sea Eagles,-28.5,10,North Queensland Cowboys,28.5,1.03,1.071,Sportsbet
Manly Warringah Sea Eagles v North Queensland Cowboys,Line,Manly Warringah Sea Eagles,-27.5,9.5,North Queensland Cowboys,27.5,1.04,1.067,Sportsbet
Manly Warringah Sea Eagles v North Queensland Cowboys,Line,Manly Warringah Sea Eagles,-26.5,9.5,North Queensland Cowboys,26.5,1.04,1.067,Sportsbet
Manly Warringah Sea Eagles v North Queensland Cowboys,Line,Manly Warringah Sea Eagles,-25.5,7.75,North Queensland Cowboys,25.5,1.06,1.072,Sportsbet
Manly Warringah Sea Eagles v North Queensland Cowboys,Line,Manly Warringah Sea Eagles,-24.5,7.75,North Queensland Cowboys,24.5,1.06,1.072,Sportsbet
Manly Warringah Sea Eagles v North Queensland Cowboys,Line,Manly Warringah Sea Eagles,-23.5,6.5,North Queensland Cowboys,23.5,1.1,1.063,Sportsbet
Manly Warringah Sea Eagles v North Queensland Cowboys,Line,Manly Warringah Sea Eagles,-22.5,6,North Queensland Cowboys,22.5,1.1,1.076,Sportsbet
Manly Warringah Sea Eagles v North Queensland Cowboys,Line,Manly Warringah Sea Eagles,-21.5,5.5,North Queensland Cowboys,21.5,1.13,1.067,Sportsbet
Manly Warringah Sea Eagles v North Queensland Cowboys,Line,Manly Warringah Sea Eagles,-20.5,5.4,North Queensland Cowboys,20.5,1.13,1.07,Sportsbet
Manly Warringah Sea Eagles v North Queensland Cowboys,Line,Manly Warringah Sea Eagles,-19.5,5.2,North Queensland Cowboys,19.5,1.14,1.07,Sportsbet
Manly Warringah Sea Eagles v North Queensland Cowboys,Line,Manly Warringah Sea Eagles,-18.5,5,North Queensland Cowboys,18.5,1.15,1.07,Sportsbet
Manly Warringah Sea Eagles v North Queensland Cowboys,Line,Manly Warringah Sea Eagles,-17.5,4.25,North Queensland Cowboys,17.5,1.2,1.069,Sportsbet
Manly Warringah Sea Eagles v North Queensland Cowboys,Line,Manly Warringah Sea Eagles,-16.5,4.25,North Queensland Cowboys,16.5,1.2,1.069,Sportsbet
Manly Warringah Sea Eagles v North Queensland Cowboys,Line,Manly Warringah Sea Eagles,-15.5,3.7,North Queensland Cowboys,15.5,1.25,1.07,Sportsbet
Manly Warringah Sea Eagles v North Queensland Cowboys,Line,Manly Warringah Sea Eagles,-14.5,3.69,North Queensland Cowboys,14.5,1.25,1.071,Sportsbet
Manly Warringah Sea Eagles v North Queensland Cowboys,Line,Manly Warringah Sea Eagles,-13.5,3.22,North Queensland Cowboys,13.5,1.31,1.074,Sportsbet
Manly Warringah Sea Eagles v North Queensland Cowboys,Line,Manly Warringah Sea Eagles,-12.5,3.14,North Queensland Cowboys,12.5,1.33,1.07,Sportsbet
Manly Warringah Sea Eagles v North Queensland Cowboys,Line,Manly Warringah Sea Eagles,-11.5,2.8,North Queensland Cowboys,11.5,1.4,1.071,Sportsbet
Manly Warringah Sea Eagles v North Queensland Cowboys,Line,Manly Warringah Sea Eagles,-10.5,2.78,North Queensland Cowboys,10.5,1.41,1.069,Sportsbet
Manly Warringah Sea Eagles v North Queensland Cowboys,Line,Manly Warringah Sea Eagles,-9.5,2.45,North Queensland Cowboys,9.5,1.51,1.07,Sportsbet
Manly Warringah Sea Eagles v North Queensland Cowboys,Line,Manly Warringah Sea Eagles,-8.5,2.44,North Queensland Cowboys,8.5,1.51,1.072,Sportsbet
Manly Warringah Sea Eagles v North Queensland Cowboys,Line,Manly Warringah Sea Eagles,-7.5,2.18,North Queensland Cowboys,7.5,1.63,1.072,Sportsbet
Manly Warringah Sea Eagles v North Queensland Cowboys,Line,Manly Warringah Sea Eagles,-6.5,2.16,North Queensland Cowboys,6.5,1.64,1.073,Sportsbet
Manly Warringah Sea Eagles v North Queensland Cowboys,Line,Manly Warringah Sea Eagles,-5.5,1.99,North Queensland Cowboys,5.5,1.76,1.071,Sportsbet
Manly Warringah Sea Eagles v North Queensland Cowboys,Line,Manly Warringah Sea Eagles,-4.5,1.98,North Queensland Cowboys,4.5,1.77,1.07,Sportsbet
Manly Warringah Sea Eagles v North Queensland Cowboys,Line,Manly Warringah Sea Eagles,-3.5,1.82,North Queensland Cowboys,3.5,1.91,1.073,Sportsbet
Manly Warringah Sea Eagles v North Queensland Cowboys,Line,Manly Warringah Sea Eagles,-2.5,1.8,North Queensland Cowboys,2.5,1.93,1.074,Sportsbet
Manly Warringah Sea Eagles v North Queensland Cowboys,Line,Manly Warringah Sea Eagles,-1.5,1.63,North Queensland Cowboys,1.5,2.18,1.072,Sportsbet
Manly Warringah Sea Eagles v North Queensland Cowboys,Line,Manly Warringah Sea Eagles,-0.5,1.55,North Queensland Cowboys,0.5,2.34,1.073,Sportsbet
Manly Warringah Sea Eagles v North Queensland Cowboys,Line,Manly Warringah Sea Eagles,0.5,1.55,North Queensland Cowboys,-0.5,2.34,1.073,Sportsbet
Manly Warringah Sea Eagles v North Queensland Cowboys,Line,Manly Warringah Sea Eagles,1.5,1.49,North Queensland Cowboys,-1.5,2.5,1.071,Sportsbet
Manly Warringah Sea Eagles v North Queensland Cowboys,Line,Manly Warringah Sea Eagles,2.5,1.37,North Queensland Cowboys,-2.5,2.92,1.072,Sportsbet
Manly Warringah Sea Eagles v North Queensland Cowboys,Line,Manly Warringah Sea Eagles,3.5,1.37,North Queensland Cowboys,-3.5,2.95,1.069,Sportsbet
Manly Warringah Sea Eagles v North Queensland Cowboys,Line,Manly Warringah Sea Eagles,4.5,1.3,North Queensland Cowboys,-4.5,3.32,1.07,Sportsbet
Manly Warringah Sea Eagles v North Queensland Cowboys,Line,Manly Warringah Sea Eagles,5.5,1.3,North Queensland Cowboys,-5.5,3.32,1.07,Sportsbet
Manly Warringah Sea Eagles v North Queensland Cowboys,Line,Manly Warringah Sea Eagles,6.5,1.23,North Queensland Cowboys,-6.5,3.9,1.069,Sportsbet
Manly Warringah Sea Eagles v North Queensland Cowboys,Line,Manly Warringah Sea Eagles,7.5,1.22,North Queensland Cowboys,-7.5,4,1.07,Sportsbet
Manly Warringah Sea Eagles v North Queensland Cowboys,Line,Manly Warringah Sea Eagles,8.5,1.17,North Queensland Cowboys,-8.5,4.6,1.072,Sportsbet
Manly Warringah Sea Eagles v North Queensland Cowboys,Line,Manly Warringah Sea Eagles,9.5,1.17,North Queensland Cowboys,-9.5,4.6,1.072,Sportsbet
Manly Warringah Sea Eagles v North Queensland Cowboys,Line,Manly Warringah Sea Eagles,10.5,1.14,North Queensland Cowboys,-10.5,5.2,1.07,Sportsbet
Manly Warringah Sea Eagles v North Queensland Cowboys,Line,Manly Warringah Sea Eagles,11.5,1.14,North Queensland Cowboys,-11.5,5.2,1.07,Sportsbet
Manly Warringah Sea Eagles v North Queensland Cowboys,Line,Manly Warringah Sea Eagles,12.5,1.11,North Queensland Cowboys,-12.5,6,1.068,Sportsbet
Manly Warringah Sea Eagles v North Queensland Cowboys,Line,Manly Warringah Sea Eagles,13.5,1.11,North Queensland Cowboys,-13.5,6,1.068,Sportsbet
Manly Warringah Sea Eagles v North Queensland Cowboys,Line,Manly Warringah Sea Eagles,14.5,1.08,North Queensland Cowboys,-14.5,6.5,1.08,Sportsbet
Manly Warringah Sea Eagles v North Queensland Cowboys,Line,Manly Warringah Sea Eagles,15.5,1.08,North Queensland Cowboys,-15.5,6.5,1.08,Sportsbet
Manly Warringah Sea Eagles v North Queensland Cowboys,Line,Manly Warringah Sea Eagles,16.5,1.06,North Queensland Cowboys,-16.5,8,1.068,Sportsbet
Manly Warringah Sea Eagles v North Queensland Cowboys,Line,Manly Warringah Sea Eagles,17.5,1.05,North Queensland Cowboys,-17.5,8.5,1.07,Sportsbet
Manly Warringah Sea Eagles v North Queensland Cowboys,Line,Manly Warringah Sea Eagles,18.5,1.04,North Queensland Cowboys,-18.5,9.5,1.067,Sportsbet
Manly Warringah Sea Eagles v North Queensland Cowboys,Line,Manly Warringah Sea Eagles,19.5,1.04,North Queensland Cowboys,-19.5,9.5,1.067,Sportsbet
Manly Warringah Sea Eagles v North Queensland Cowboys,Line,Manly Warringah Sea Eagles,20.5,1.03,North Queensland Cowboys,-20.5,10,1.071,Sportsbet
Manly Warringah Sea Eagles v North Queensland Cowboys,Line,Manly Warringah Sea Eagles,21.5,1.03,North Queensland Cowboys,-21.5,10,1.071,Sportsbet
Manly Warringah Sea Eagles v North Queensland Cowboys,Line,Manly Warringah Sea Eagles,22.5,1.02,North Queensland Cowboys,-22.5,12,1.064,Sportsbet
Melbourne Storm v Parramatta Eels,Line,Melbourne Storm,-35.5,12,Parramatta Eels,35.5,1.02,1.064,Sportsbet
Melbourne Storm v Parramatta Eels,Line,Melbourne Storm,-34.5,12,Parramatta Eels,34.5,1.02,1.064,Sportsbet
Melbourne Storm v Parramatta Eels,Line,Melbourne Storm,-33.5,10,Parramatta Eels,33.5,1.03,1.071,Sportsbet
Melbourne Storm v Parramatta Eels,Line,Melbourne Storm,-32.5,10,Parramatta Eels,32.5,1.03,1.071,Sportsbet
Melbourne Storm v Parramatta Eels,Line,Melbourne Storm,-31.5,9.5,Parramatta Eels,31.5,1.04,1.067,Sportsbet
Melbourne Storm v Parramatta Eels,Line,Melbourne Storm,-30.5,9.5,Parramatta Eels,30.5,1.04,1.067,Sportsbet
Melbourne Storm v Parramatta Eels,Line,Melbourne Storm,-29.5,7.75,Parramatta Eels,29.5,1.06,1.072,Sportsbet
Melbourne Storm v Parramatta Eels,Line,Melbourne Storm,-28.5,7.5,Parramatta Eels,28.5,1.06,1.077,Sportsbet
Melbourne Storm v Parramatta Eels,Line,Melbourne Storm,-27.5,6,Parramatta Eels,27.5,1.1,1.076,Sportsbet
Melbourne Storm v Parramatta Eels,Line,Melbourne Storm,-26.5,6,Parramatta Eels,26.5,1.1,1.076,Sportsbet
Melbourne Storm v Parramatta Eels,Line,Melbourne Storm,-25.5,5.4,Parramatta Eels,25.5,1.13,1.07,Sportsbet
Melbourne Storm v Parramatta Eels,Line,Melbourne Storm,-24.5,5.4,Parramatta Eels,24.5,1.13,1.07,Sportsbet
Melbourne Storm v Parramatta Eels,Line,Melbourne Storm,-23.5,4.65,Parramatta Eels,23.5,1.17,1.07,Sportsbet
Melbourne Storm v Parramatta Eels,Line,Melbourne Storm,-22.5,4.65,Parramatta Eels,22.5,1.17,1.07,Sportsbet
Melbourne Storm v Parramatta Eels,Line,Melbourne Storm,-21.5,4.2,Parramatta Eels,21.5,1.2,1.071,Sportsbet
Melbourne Storm v Parramatta Eels,Line,Melbourne Storm,-20.5,4,Parramatta Eels,20.5,1.22,1.07,Sportsbet
Melbourne Storm v Parramatta Eels,Line,Melbourne Storm,-19.5,3.45,Parramatta Eels,19.5,1.28,1.071,Sportsbet
Melbourne Storm v Parramatta Eels,Line,Melbourne Storm,-18.5,3.45,Parramatta Eels,18.5,1.28,1.071,Sportsbet
Melbourne Storm v Parramatta Eels,Line,Melbourne Storm,-17.5,3.1,Parramatta Eels,17.5,1.34,1.069,Sportsbet
Melbourne Storm v Parramatta Eels,Line,Melbourne Storm,-16.5,3.04,Parramatta Eels,16.5,1.35,1.07,Sportsbet
Melbourne Storm v Parramatta Eels,Line,Melbourne Storm,-15.5,2.69,Parramatta Eels,15.5,1.43,1.071,Sportsbet
Melbourne Storm v Parramatta Eels,Line,Melbourne Storm,-14.5,2.66,Parramatta Eels,14.5,1.44,1.07,Sportsbet
Melbourne Storm v Parramatta Eels,Line,Melbourne Storm,-13.5,2.39,Parramatta Eels,13.5,1.53,1.072,Sportsbet
Melbourne Storm v Parramatta Eels,Line,Melbourne Storm,-12.5,2.35,Parramatta Eels,12.5,1.55,1.071,Sportsbet
Melbourne Storm v Parramatta Eels,Line,Melbourne Storm,-11.5,2.11,Parramatta Eels,11.5,1.67,1.073,Sportsbet
Melbourne Storm v Parramatta Eels,Line,Melbourne Storm,-10.5,2.09,Parramatta Eels,10.5,1.69,1.07,Sportsbet
Melbourne Storm v Parramatta Eels,Line,Melbourne Storm,-9.5,1.89,Parramatta Eels,9.5,1.83,1.076,Sportsbet
Melbourne Storm v Parramatta Eels,Line,Melbourne Storm,-8.5,1.88,Parramatta Eels,8.5,1.85,1.072,Sportsbet
Melbourne Storm v Parramatta Eels,Line,Melbourne Storm,-7.5,1.71,Parramatta Eels,7.5,2.05,1.073,Sportsbet
Melbourne Storm v Parramatta Eels,Line,Melbourne Storm,-6.5,1.7,Parramatta Eels,6.5,2.07,1.071,Sportsbet
Melbourne Storm v Parramatta Eels,Line,Melbourne Storm,-5.5,1.58,Parramatta Eels,5.5,2.27,1.073,Sportsbet
Melbourne Storm v Parramatta Eels,Line,Melbourne Storm,-4.5,1.58,Parramatta Eels,4.5,2.29,1.07,Sportsbet
Melbourne Storm v Parramatta Eels,Line,Melbourne Storm,-3.5,1.47,Parramatta Eels,3.5,2.56,1.071,Sportsbet
Melbourne Storm v Parramatta Eels,Line,Melbourne Storm,-2.5,1.46,Parramatta Eels,2.5,2.58,1.073,Sportsbet
Melbourne Storm v Parramatta Eels,Line,Melbourne Storm,-1.5,1.36,Parramatta Eels,1.5,2.99,1.07,Sportsbet
Melbourne Storm v Parramatta Eels,Line,Melbourne Storm,-0.5,1.31,Parramatta Eels,0.5,3.25,1.071,Sportsbet
Melbourne Storm v Parramatta Eels,Line,Melbourne Storm,0.5,1.31,Parramatta Eels,-0.5,3.25,1.071,Sportsbet
Melbourne Storm v Parramatta Eels,Line,Melbourne Storm,1.5,1.28,Parramatta Eels,-1.5,3.45,1.071,Sportsbet
Melbourne Storm v Parramatta Eels,Line,Melbourne Storm,2.5,1.22,Parramatta Eels,-2.5,4.05,1.067,Sportsbet
Melbourne Storm v Parramatta Eels,Line,Melbourne Storm,3.5,1.2,Parramatta Eels,-3.5,4.25,1.069,Sportsbet
Melbourne Storm v Parramatta Eels,Line,Melbourne Storm,4.5,1.17,Parramatta Eels,-4.5,4.65,1.07,Sportsbet
Melbourne Storm v Parramatta Eels,Line,Melbourne Storm,5.5,1.17,Parramatta Eels,-5.5,4.65,1.07,Sportsbet
Melbourne Storm v Parramatta Eels,Line,Melbourne Storm,6.5,1.13,Parramatta Eels,-6.5,5.4,1.07,Sportsbet
Melbourne Storm v Parramatta Eels,Line,Melbourne Storm,7.5,1.13,Parramatta Eels,-7.5,5.4,1.07,Sportsbet
Melbourne Storm v Parramatta Eels,Line,Melbourne Storm,8.5,1.1,Parramatta Eels,-8.5,6,1.076,Sportsbet
Melbourne Storm v Parramatta Eels,Line,Melbourne Storm,9.5,1.1,Parramatta Eels,-9.5,6,1.076,Sportsbet
Melbourne Storm v Parramatta Eels,Line,Melbourne Storm,10.5,1.06,Parramatta Eels,-10.5,7.5,1.077,Sportsbet
Melbourne Storm v Parramatta Eels,Line,Melbourne Storm,11.5,1.06,Parramatta Eels,-11.5,7.5,1.077,Sportsbet
Melbourne Storm v Parramatta Eels,Line,Melbourne Storm,12.5,1.05,Parramatta Eels,-12.5,8.5,1.07,Sportsbet
Melbourne Storm v Parramatta Eels,Line,Melbourne Storm,13.5,1.05,Parramatta Eels,-13.5,8.5,1.07,Sportsbet
Melbourne Storm v Parramatta Eels,Line,Melbourne Storm,14.5,1.04,Parramatta Eels,-14.5,10,1.062,Sportsbet
Melbourne Storm v Parramatta Eels,Line,Melbourne Storm,15.5,1.03,Parramatta Eels,-15.5,10,1.071,Sportsbet
Melbourne Storm v Parramatta Eels,Line,Melbourne Storm,16.5,1.02,Parramatta Eels,-16.5,12,1.064,Sportsbet
